,HDFS,Hadoop,Spark,Zookeeper,BGL,HPC,Thunderbird,Windows,Linux,Andriod,HealthApp,Apache,Proxifier,OpenSSH,OpenStack,Mac
F1_measure,0.9999843025834023,0.998989310088138,0.9918756043483781,0.9995355040470935,0.9995992361148294,0.9906443678786542,0.99932854841305,0.9999941751214778,0.9924365521700748,0.9959131154070034,0.9183811834096821,1.0,0.7848863829664209,0.9992206763507211,0.992536394096149,0.9754512256914717
Accuracy,0.9975,0.9475,0.92,0.9665,0.9625,0.887,0.955,0.997,0.69,0.911,0.78,1.0,0.5265,0.7875,0.7325,0.7865
interval,0.344530094,0.30919648,0.3366068470000001,0.2596328790000002,0.3096090789999999,0.23712715600000012,0.3296821849999998,0.3040362659999998,0.32912008000000004,0.45156706599999996,0.2335397050000001,0.25548297700000067,0.3764526419999994,0.33370058099999955,0.6962278180000006,0.6557886479999997
