,HDFS,Hadoop,Spark,Zookeeper,BGL,HPC,Thunderbird,Windows,Linux,HealthApp,Apache,Proxifier,OpenSSH,OpenStack
F1_measure,1.0,0.9963769063487625,0.9918756043483781,0.9994619403259629,0.9991097099989784,0.9783789519425594,0.998711013628273,0.9946039893632429,0.9641178132475879,0.9581096219873069,1.0,0.7863975508554076,0.9975877585130958,0.909057015631718
Accuracy,1.0,0.954,0.92,0.9615,0.939,0.829,0.663,0.567,0.6715,0.8215,1.0,0.5165,0.54,0.3305
interval,0.2870028969999999,0.344320022,0.339826341,0.25760938300000014,0.32368304000000014,0.260915013,0.3922328209999999,0.4015563170000003,0.37477886000000016,0.9672898559999998,0.35435981099999925,0.4982500569999999,0.4436135170000002,0.42317265300000084
