,HDFS,Hadoop,Spark,Zookeeper,BGL,HPC,Thunderbird,Windows,Linux,Andriod,HealthApp,Apache,Proxifier,OpenSSH,OpenStack,Mac
F1_measure,0.9999843025834023,0.9965386570637523,0.9890733289715452,0.9984175939596773,0.9393688022111542,0.9808242887161006,0.9997080477530601,0.9945944818524067,0.9951053682000928,0.9921517811300458,0.39398393596103054,1.0,0.7762189130863151,0.9989891211923261,0.9945370475390285,0.958653288583528
Accuracy,0.9975,0.885,0.8835,0.8405,0.6895,0.8295,0.943,0.5655,0.701,0.8795,0.174,1.0,0.508,0.925,0.732,0.698
interval,0.5890433800000001,0.994756701,0.9396839049999999,0.6731967399999998,2.904382038999999,2.136503662999999,0.5889570669999991,0.5384187780000005,0.7327591720000015,0.7657812869999994,27.959120955,0.5123246969999968,5.1910288439999945,0.6691553659999983,4.561680319000004,0.820458378000005
