,HDFS,Hadoop,Spark,Zookeeper,BGL,HPC,Thunderbird,Windows,Linux,Andriod,HealthApp,Apache,Proxifier,OpenSSH,OpenStack,Mac
F1_measure,0.9995449749147809,0.9981207404121467,0.9999684897946323,0.9984775373417939,0.9979016820570321,0.9758808655544402,0.9986573019023379,0.9102004419608776,0.5814370373494739,0.9220508545227177,0.9169753882668593,1.0,0.8014801929938854,0.9770157681434547,0.9018971860395745,0.9335830335288223
Accuracy,0.885,0.9,0.9935,0.8385,0.854,0.8165,0.6485,0.588,0.2785,0.616,0.5485,1.0,0.0255,0.5005,0.2,0.599
interval,0.23652694900000015,0.3458200199999999,0.30397765700000035,0.1782088420000001,0.18013349700000036,0.1585905030000001,0.18839313599999974,0.18030406899999996,0.19322659200000025,0.2374569330000007,0.1310038330000003,0.15683388699999945,0.23517803699999984,0.20168794099999943,0.24587080900000036,0.22242494099999988
