,HDFS,Hadoop,Spark,Zookeeper,BGL,HPC,Thunderbird,Windows,Linux,Andriod,HealthApp,Apache,Proxifier,OpenSSH,OpenStack,Mac
F1_measure,0.9518632773938795,0.8856209444439445,0.9740479115479116,0.9242285516319815,0.9969653009979053,0.9855787615440625,0.9972329916512336,0.907274736241802,0.9218835866150908,0.9839981775531188,0.7588658434240498,0.9424179451084543,0.7616712734627987,0.931467494193649,0.9873629242819842,0.932405529610955
Accuracy,0.546,0.563,0.7985,0.7315,0.835,0.7875,0.5985,0.713,0.6285,0.7975,0.5305,0.7085,0.478,0.4255,0.6955,0.6035
interval,3.2046223250000003,0.2801087689999999,0.22565294300000005,0.15393632700000026,0.19727969699999992,0.1451531639999999,0.22222385199999994,0.15274755500000037,0.26427971900000014,0.2474175719999998,0.2119747719999996,0.25575871799999916,0.22929350599999943,0.18430266899999914,0.27037849999999963,0.23629623199999905
