,HDFS,Hadoop,Spark,Zookeeper,BGL,HPC,Thunderbird,Windows,Linux,Andriod,HealthApp,Apache,Proxifier,OpenSSH,OpenStack,Mac
F1_measure,0.9999843025834023,0.9992746610202023,0.6802889051182157,0.9984131553794954,0.9990299734945934,0.977996951674178,0.9986094807767427,0.9088671891882273,0.7387039502885042,0.9132607956477388,0.793955638098052,1.0,0.7425432923549831,0.9975895788058106,0.7267973888403835,0.9328050600525905
Accuracy,0.9975,0.955,0.442,0.839,0.927,0.8245,0.6435,0.711,0.348,0.718,0.441,1.0,0.0,0.54,0.213,0.6125
interval,2.799267223,20.462346398,182.850841495,5.685988604999977,21.097351556999996,15.462750145000001,36.476958491000005,52.36663439099999,11.89197182600003,19.860560781000004,16.504755830000022,1.2984797930000127,5.570366278999984,5.2959025060000045,86.47241949699998,92.19007941699999
