,HDFS,Hadoop,Spark,Zookeeper,BGL,HPC,Thunderbird,Windows,Linux,Andriod,HealthApp,Apache,Proxifier,OpenSSH,OpenStack,Mac
F1_measure,0.9999843025834023,0.9975130047864069,0.9915255066018122,0.9933349015917823,0.9939701206952096,0.5413360738826676,0.9110875856928546,0.9129976155230337,0.9756293613906643,0.8520501575406626,0.8470321936764993,1.0,0.7796400497796313,0.9976282967223719,0.9936968598661957,0.9604096283783783
Accuracy,0.9975,0.867,0.906,0.66,0.712,0.3245,0.5725,0.7005,0.675,0.614,0.403,1.0,0.5165,0.6155,0.7215,0.615
interval,1.3464587209999999,9.672477298,5.510422721000001,1.9198306709999997,5.173880194999999,4.2567404889999985,3.554592332000002,5.535616953000002,2.3369950680000002,4.635837673999994,0.8806998780000015,0.8641260970000033,1.3402253860000002,4.4174581069999945,3.312353476999995,6.9894861309999925
