,HDFS,Hadoop,Spark,Zookeeper,BGL,HPC,Thunderbird,Windows,Linux,Andriod,HealthApp,Apache,Proxifier,OpenSSH,OpenStack,Mac
F1_measure,0.9658122018678019,0.8112464336335554,0.8045595825839661,0.9237658625362255,0.9552471684061185,0.9794325207119965,0.9883342703988367,0.9070620710368675,0.5562477019447397,0.9836520082320107,0.8119140158121663,0.9428966543733001,0.7757994582332226,0.9755285982467639,0.9735865339410034,0.8824706600637677
Accuracy,0.545,0.422,0.685,0.7255,0.5725,0.8385,0.882,0.6965,0.2965,0.8815,0.331,0.7305,0.518,0.521,0.867,0.5575
interval,3.269713069,0.8918069019999999,1.128909514,1.044939179,1.0941160519999995,0.8733414150000005,1.0345499030000003,1.1141055470000012,1.0827657720000001,1.7289803740000007,0.8831208160000017,0.8498530409999994,1.0778837210000027,1.1818764460000004,1.4166992199999981,1.9331594289999998
